firm;x1;x2;x3;x4;x5;x6;y2;y4;w1;w2;w3;w4;w5;w6;p2;p4;cost;rev
2;1076.297483;24272.26216;142.7;1458.727246;4871.750993;8598.562693;5588.703691;65970.56614;108.3910368;73.6814306;1723.401015;136.24;189.6251567;96.56066525;78.82632975;73.27866475;4103831.804;5274772
3;1907.406803;10777.97011;115.3;1625.491779;3217.281979;5758.868393;5995.724983;30518.65634;107.8946556;75.52878617;4082.135524;136.24;188.7645712;99.43338578;71.11717119;72.0439647;2891905.862;2625084
4;3141.2616;22479.36349;196.4;5334.461245;5601.702166;12708.00161;7208.575192;85356.53957;104.8333574;76.11367648;2795.098039;136.24;188.3755562;112.0181659;68.58942119;72.54747007;5794771.049;6686833
5;4935.695169;89277.6448;336.1;19141.99941;10985.38638;34075.50442;27128.17634;257055.7874;107.8877406;73.93521653;389.7738768;136.24;190.2181353;98.00573428;78.76718188;73.26579258;15301386.54;20970206
6;5204.909;20254.4155;384.8;5193.122431;6381.960996;11497.63152;22739.76212;76189.21157;107.8748927;73.23089623;3829.300699;136.24;191.4367299;97.67235522;67.5835126;70.69664969;6570496.402;6923155
9;1254.832805;40797.53138;91.3;2385.782443;3234.821273;10861.8101;6439.847191;60661.79281;110.7016006;73.54552833;3402.597403;136.24;197.2497207;84.90910256;66.13309095;78.65784671;5335418.283;5197413
10;1407.873712;23816.74953;213.7;3303.559894;3792.60371;11694.43291;9.410937136;65020.55392;109.9629879;74.24451427;3368.3;136.24;175.8399252;81.80293513;69.49361053;68.34386563;4716489.799;4444410
11;1437.64517;19702.27471;164.55;1593.012331;2454.192124;4382.887327;9754.518632;29797.2613;106.0212931;72.73216018;3494.615385;136.24;200.4787405;100.0344943;78.05121182;73.54816866;3307934.225;2952886
16;4513.735519;38285.56587;403.5;11536.09806;10552.41237;21855.14644;23956.93893;122965.7098;109.930012;76.29165023;6289.957746;136.24;183.1811069;101.1447414;84.85716834;69.45415118;11670275.66;10573397
19;1038.802948;15080.94145;54.8;199.7577804;1317.00127;2955.075902;6091.553198;19805.14349;103.2698263;73.65123748;6594.893617;136.24;176.0180681;90.60016186;73.64886842;75.68513707;2106168.545;1947591
21;1906.990613;18500.91921;149.8;1577.099237;3056.556197;7433.299241;6389.163413;41082.80317;104.7073849;73.03161451;1909.433962;136.24;188.4892539;83.41949603;78.63768189;71.47572156;3247935.281;3438852
22;2971.429506;70416.74126;273.7;10864.30564;9139.422313;22987.09957;4794.495625;149586.4548;107.3745816;74.65113985;4786.252505;136.24;185.1626635;96.9416173;360.8892646;76.78764776;12286582.7;13216674
23;3519.711507;11951.21229;218.7;3946.021726;4262.72061;10672.92919;1146.831224;63703.5685;106.7348842;75.3518537;3076.486247;136.24;181.1369611;104.4554594;385.5344978;73.21410888;4373637.521;5106143
24;925.4960489;27040.7468;105;1158.807986;3988.912093;6332.727686;8833.628058;50647.25461;108.2619425;72.42189036;2902.48;136.24;183.0970651;92.61899073;66.27684527;70.96031221;3838063.344;4179410
25;3185.840417;26665.1064;191.9;2678.266295;3355.640302;9704.41527;9586.90566;53924.80578;115.6614745;72.61621127;7399.162956;136.24;187.273519;87.44850163;74.56743869;74.43042107;5566643.514;4728517
26;2522.984405;16078.84607;194.1;2139.775396;2759.721991;6289.515464;8017.251994;29624.02918;109.7196635;72.88850176;2897.506925;136.24;188.2238452;105.060563;132.6809985;76.95934897;3482938.615;3343583
27;1927.180781;54532.28932;144;4518.51145;3451.479513;13655.10052;12701.35982;126514.0144;107.7802363;72.40614779;4174.723757;136.24;178.2862296;98.73762379;63.20512221;71.03880975;7336570.668;9790196
28;2890.110574;29272.07341;167.5;1210.275984;5288.915377;9800.533017;12604.48709;56765.63873;103.9174773;74.29149173;2279.28;136.24;187.3623264;94.54508336;76.45245643;70.27946992;4939202.1;4953103
29;1669.935367;22516.94764;97.6;4319.355549;3588.031109;11066.96884;3206.064289;57546.75939;107.619734;77.58356187;5312.5;136.24;190.7375318;96.53048943;83.62308919;77.93161678;4786304.117;4752813
32;2260.521049;30713.5643;210.88;2182.773048;5199.20325;10950.32605;2693.386842;71948.97845;110.5028419;73.36937446;2555.37428;136.24;199.3065946;85.71651027;93.72994479;71.4566782;5314346.558;5393686
33;3756.724001;30241.74916;242.2;7346.917205;4357.318516;8714.783049;15717.17801;78303.17348;106.5795624;74.08890234;5025.784476;136.24;187.2551189;95.96032803;75.14943201;72.93298274;6511360.637;6892021
36;6701.509367;21064.93325;438.9;13425.75602;8293.945639;15869.34595;35465.61621;107193.8606;108.035065;76.84600662;7166.159501;136.24;206.7718367;113.2318142;75.20247172;72.89252345;10828975.61;10480733
37;892.043003;7198.804181;42.7;1530.695831;1325.006266;4737.04008;592.1603136;22462.03247;105.8099214;75.7764743;21319.69697;136.24;183.0003549;78.9400612;89.00461377;78.55063883;2375198.911;1817112
38;2134.486766;60268.56384;188.3;6665.369935;6807.155695;15616.15179;14871.75223;119104.8031;109.4848672;73.46838414;5422.378753;136.24;192.3841049;94.17858507;77.70335213;71.78476248;9370947.555;9705495
40;3130.72322;58276.46104;237.2;5710.004404;2906.965816;16955.39422;12737.06715;128690.3007;108.0868464;73.68366101;6905.105396;136.24;190.6920001;97.98817764;79.16767559;72.89168606;9263998.306;10388817
41;1900.286857;60929.57666;150;5952.921315;5113.233397;23369.02709;1951.38293;149474.1241;107.333795;74.02288424;2365.322581;136.24;190.2172157;96.9121876;78.53660992;72.61945213;9117340.944;11007984
43;1103.674792;25127.96515;88.9;176.1597181;2961.254866;6567.670893;2315.427995;48037.1142;106.9844133;71.38146639;2452.918919;136.24;197.3314564;82.54591884;100.5373523;71.19518017;3280294.656;3652798
45;1504.592692;17179.93861;137.5;2015.208456;2526.425152;9410.902101;1191.234247;52021.99188;107.5885858;74.42034743;2738.983051;136.24;186.4613504;92.64813684;86.89306932;70.91266341;3434559.361;3792528
47;2345.189021;34831.23449;192.5;3966.559014;5319.276162;15934.45163;3581.543561;98453.83299;106.5926873;73.8169358;491.3617886;136.24;187.7377725;101.5963369;53.33091633;72.83511248;6073617.117;7361903
48;3408.696767;38177.63485;247.6;3862.22108;5916.752037;12941.16418;14472.01073;79788.5137;103.4040351;73.14353053;3200;136.24;187.9929006;93.94249265;68.24255581;72.82620932;6791461.598;6798302
49;1824.907925;23288.51717;180;2159.336465;3832.85568;8999.113836;771.4647135;59055.91177;108.9435786;73.47088644;2282.678571;136.24;192.7606012;93.41227235;74.96130282;72.78712446;4194361.381;4356340
50;1478.116589;20736.92272;93.5;133.5877863;2152.083892;6476.670762;5892.633233;46192.9216;106.9746468;73.99424788;3519.736842;136.24;190.0071014;97.03777675;80.45656012;73.51762742;3077222.349;3870095
51;3984.046741;42931.98647;294.25;11596.47681;4495.445716;17195.08463;10129.23581;72822.67187;102.6403621;74.937972;2152.605634;136.24;209.31469;105.9225486;75.68655865;73.61114146;8601778.221;6127207
56;3661.838514;42244.12403;495.8;6847.416324;7398.004935;21889.80781;5851.636635;171598.1138;108.5850724;74.20807206;1536.370079;136.24;191.7743949;93.54870143;82.21614396;72.90826642;8693611.3;12992020
57;5532.354996;28612.02194;277.3;5776.130358;7728.337784;17124.92224;12849.64708;105578.1224;108.2358237;73.84679085;4606.868132;136.24;192.5351948;97.44839024;74.58095884;73.43861423;7932902.659;8711850
60;3133.608057;35533.86881;330.6;10720.71345;7688.396606;22467.6213;15802.55383;67273.67713;104.6780561;75.92711096;9442.180294;136.24;202.3773455;102.1916727;97.52461637;73.14042;11460139.9;6461563
61;2212.46648;10856.59903;212.6;2248.120963;3826.873014;7542.44549;6971.318933;48802.14804;106.2691806;73.9629416;3918.357798;136.24;189.484663;94.45248518;85.27281649;72.87863635;3614966.332;4151098
62;1858.469595;28866.61762;250.4;1842.036113;4645.049021;8973.211502;1447.122133;59950.88848;108.2724197;73.70420145;2220.808383;136.24;190.7026463;95.63999772;86.35207569;72.87863635;4879882.487;4494101
63;1418.51896;18698.16659;143.6;3643.46007;5109.562284;11593.78042;1690.641607;66727.25441;108.5561803;73.68893595;4644.285714;136.24;191.7283102;95.60750701;78.98776383;73.33955283;4783241.613;5027287
64;1375.322191;15927.10791;109;169.4509689;2917.184467;4739.187709;3246.383045;35754.97182;107.6169649;73.83675722;4558;136.24;190.5287339;96.5383498;75.42609624;72.9948275;2857242.824;2854790
66;2216.443937;13885.70262;188.3;2559.189665;3886.511107;10423.48438;3269.514866;59997.85522;107.3543959;73.96298397;3663.187773;136.24;193.0727403;96.26456715;85.27289565;73.06724522;4057206.819;4662679
67;1605.440398;15233.88303;131.4;2952.921315;4356.5065;7008.179555;3499.454878;50086.66018;109.4297865;75.42902869;3687.5;136.24;188.5619414;107.0754019;79.70584269;71.69663514;3783478.466;3869972
68;3885.975828;26145.82528;131.7;502.3634762;6298.113359;5296.737892;18048.85758;42620.72064;107.0912477;73.63768325;8954.740061;136.24;191.5649605;95.01739339;79.84139679;72.87863635;5299033.331;4547186
70;2028.157166;30391.16517;224.5;994.1426894;5166.331117;9366.106039;7307.333804;70521.2208;107.8866094;73.16139371;2561.349693;136.24;190.0432562;99.01007374;73.08041678;72.57233982;5061901.244;5651913
71;2222.498781;28166.30906;163.3;4919.267469;2855.993443;12061.09127;4073.598628;71823.62908;107.053827;73.37961802;2628.26969;136.24;181.8371892;95.29603914;83.29514785;75.04527505;5072857.486;5729335
72;7395.932761;54026.41418;295.2;14174.88256;11466.86728;22380.69484;28225.78888;131429.651;106.7992403;74.26819012;6543.106796;136.24;177.559913;96.23840904;75.4260938;79.58484191;12854973.55;12588769
73;1520.728633;21140.3504;157.8;4463.336759;5608.118679;10989.01635;3587.645002;68038.83635;114.5707368;74.31707469;3308.128544;136.24;182.718076;99.7049356;61.2390579;76.97783033;4995791.507;5457186
74;790.9719445;4042.282072;73.8;504.8737522;757.911916;2286.948817;1966.05694;10139.12938;107.6169649;73.83675722;2962.962963;136.24;190.5287339;96.5383498;75.42609624;72.9948275;1036223.929;888396
78;3881.689241;36075.63686;271.6;3882.758368;5132.166472;12203.01176;11357.27589;86495.13803;109.1452648;73.13730898;4613.438692;136.24;196.4288659;95.20000013;71.8583407;73.54816866;7013972.31;7177674
80;3408.366494;30859.55878;167.4;5757.105109;6140.302764;19529.62799;4549.428198;123540.6748;106.0235161;74.32316245;4848.758278;136.24;186.8365529;92.60200667;80.87192148;72.65144872;7206692.88;9343330
82;1016.261703;19336.29067;68;83.90340575;2264.391236;5646.022404;1449.007776;39044.39667;107.6169649;73.83675722;3475.609756;136.24;190.5287339;96.5383498;75.42609624;72.9948275;2761357.745;2959332
83;1288.587769;11815.75226;75.4;28.90487375;2736.995367;4957.850523;2309.344945;36281.31683;110.5248733;74.18469689;4285.714286;136.24;186.913432;89.91372071;101.213983;70.69354765;2303409.842;2798593
85;959.2784625;14392.54423;86.2;2447.599824;2839.667592;9180.908524;3.198780591;59958.89982;109.1789341;76.10843382;3803.433476;136.24;191.705511;104.2250435;277.2931668;73.80825888;3362704.482;4426349
89;2258.968412;51279.71132;229.3;12005.58573;8314.753017;22587.46527;13540.76864;137405.1795;109.6199481;73.67149507;718.3431953;136.24;190.6655343;96.07887784;71.87250783;73.2087614;9581353.237;11032472
90;1722.921292;29754.20811;77.2;1903.112155;1644.428826;7666.953666;1495.763122;55495.35034;107.8656354;72.93452381;8858.695652;136.24;188.2415286;86.13096626;81.75091243;72.82620932;4269036.228;4163796
92;5805.869598;29763.80878;249.6;7216.779213;6112.568627;11572.76863;11949.33384;84245.58435;107.5744106;73.17299395;5859.241573;136.24;193.5761974;96.86034071;85.74385937;73.06126544;7552340.8;7179671
93;5317.581296;61034.43398;447;22217.70405;19962.97127;39833.10272;106.0497614;340757.2088;103.4658371;74.92939153;3138.396095;136.24;184.3047367;92.80421991;132.5415523;73.20499861;16929214.24;24959187
96;3186.521486;22453.1294;255;6312.903699;6276.608951;14438.36361;708.9180181;82740.40971;109.2862551;73.65908648;3686.130081;136.24;185.1846081;96.87699276;94.82337631;72.56584807;6363229.787;6071350
97;6058.295595;43221.24098;358.3;9018.59219;7798.100212;21947.33444;16102.1434;134119.672;106.2526564;73.48414641;1629.056902;136.24;188.6902771;96.0779228;65.89979817;72.87666197;9212250.082;10835322
98;5916.730972;40598.06212;364.7;12872.04932;14812.5163;17251.34557;37554.00751;130778.6974;106.67039;73.78704409;6678.519793;136.24;190.4369558;100.8057999;67.11832285;72.88400319;12375981.37;12052237
99;5475.25388;25458.02773;272.9;4439.988256;8096.698815;13391.02812;8377.475972;91894.96588;104.9456359;73.20563163;3683.654206;136.24;188.8828492;97.87147096;68.36104358;73.84409946;6888375.393;7358594
100;1706.204256;18398.36378;107.2;5135.298004;4171.248822;8552.420631;6484.530297;70846.81389;102.8985829;74.33970849;12836.35;136.24;192.2077364;98.98190722;72.73926999;72.16993566;5267265.919;5584690
101;2881.809583;57305.82737;305;11848.0549;11571.90618;19825.38454;14836.2958;139625.72;111.0455048;73.46385513;2904.45;136.24;185.4408105;100.2745304;81.81732261;72.31298788;11163840.03;11310619
103;7141.11649;77691.59327;380;7380.96741;8929.954154;20192.41889;56402.36712;112578.7803;105.5755078;72.93826477;5257.222222;136.24;191.0687313;100.3573508;77.25264421;72.17186911;13156637.12;12482253
108;4716.341029;46344.98851;405.6;11022.95214;8898.358538;28854.82771;3356.456622;166857.7226;107.824476;73.97829;4377.20516;136.24;190.3086228;92.15136169;80.04185074;72.57861256;11566667.44;12378959
109;7910.100454;28548.87918;206.7;4689.657957;5778.440211;10904.66998;39309.25838;62141.36836;108.0488175;74.16788542;3256;136.24;193.0153762;102.4197318;56.77074796;73.56479461;6516202.386;6803033
110;3488.542212;38462.06257;187.2;3467.792132;6277.181673;11826.64378;13776.47216;86942.79705;108.6568478;72.48870221;11330.17857;136.24;189.466285;98.63166108;76.65699807;72.22792702;8116376.241;7335761
112;4909.598264;67110.49056;282;11610.01174;10495.47635;31803.87439;21146.75072;185336.2318;107.3833279;73.8918306;3450.319032;136.24;189.7716433;93.44886474;78.0795131;73.08539658;13004643.72;15196500
114;937.5558694;5860.76854;99.8;250.3229595;3353.61668;3814.241895;3062.557334;21035.91942;109.5412053;73.71934193;3695.601852;136.24;186.7129871;95.52493024;62.49385045;72.69156958;1928197.044;1720525
116;1043.210285;11046.06817;105.6;1349.141221;3547.949951;6668.77945;2758.10976;39424.66744;106.6074613;74.99664016;2924.761905;136.24;189.0187535;100.7666825;80.91882465;72.93715297;2774913.716;3098706
117;4538.092838;48259.19568;227.3;7501.005578;5246.154296;16868.69818;14823.1368;114821.8565;108.8545382;74.00653802;6948.554595;136.24;195.0111255;84.34755976;79.69669415;72.05348576;9112723.441;9454670
121;3048.670283;41696.89072;176.8;1074.427481;3493.724278;10426.22085;13255.60947;62894.17481;108.224232;72.99803288;6184.076923;136.24;189.9735608;80.019449;81.3297195;73.06126544;6111471.489;5673203
123;2076.238908;22038.52641;110.1;3.413094539;2634.164165;6115.595187;10782.7668;38134.12461;107.8594564;73.84382102;3385.714286;136.24;188.5176818;82.44847609;69.03933043;72.87863635;3225391.168;3523598
124;1566.131903;54332.58344;193.5;11984.02085;6076.201516;33566.10433;1676.808301;192648.5862;101.2488155;73.87447359;4093.768041;136.24;199.2551809;93.1054076;68.72282294;73.98575969;10933107.57;14368487
127;3900.333519;28859.46002;256.6;5358.132707;6215.081256;13046.07946;31064.74458;74022.59885;103.0960553;73.78641175;3311.063123;136.24;191.4699202;96.55563062;84.73985657;73.83373571;6560829.339;8097787
128;1341.106544;28100.09398;115.7;2825.16882;3145.03181;8404.831775;10368.23862;59244.49458;109.2023602;73.09744235;4782.051282;136.24;188.0016032;101.4469848;68.22962181;73.41944649;4582597.197;5057119
129;1322.239712;19683.08758;127.1;318.1738109;3404.915841;7229.17693;13390.00741;48781.72877;110.6433264;73.17154861;6612.222222;136.24;188.667705;99.80703482;71.13297032;73.75331073;3834220.815;4550285
131;2539.021907;36697.6916;241.9;6503.912214;6385.099052;14138.57343;6508.107251;97694.28545;107.0806042;73.23351641;4240.382244;136.24;189.3252536;92.590217;80.6523279;73.31805507;7389176.545;7687649
132;1967.285236;41916.45259;209.4;4821.190546;4667.124975;12251.76534;12117.21573;94420.49513;110.5421806;74.58052403;3000;136.24;191.2349227;103.352768;76.93838424;73.17007807;6787429.144;7841034
133;1264.382434;40292.83127;95;4340.098356;2656.338635;10007.25562;8590.647432;87988.37151;107.6169649;73.83675722;2628.688525;136.24;190.5287339;96.5383498;75.42609624;72.9948275;5424374.19;7070655
136;9347.800163;29848.90567;540.5;9977.201996;13351.21389;20129.44966;26431.8242;114427.8779;106.860115;73.76712647;4945.928251;136.24;187.7460313;96.75655113;78.5185307;73.02425034;11687636.77;10431398
140;2523.542698;25047.69459;163;2039.386377;3916.883471;7412.508587;8054.311366;55868.70493;108.032648;73.59563546;4753.184211;136.24;190.9899828;99.93672555;76.26250987;72.82620932;4657508.369;4682948
141;1366.206528;20117.21608;123;1309.285085;2189.37032;6676.34069;1460.356634;51740.40585;107.6169649;73.83675722;4944.341373;136.24;190.5287339;96.5383498;75.42609624;72.9948275;3480608.857;3886931
142;1047.055335;6669.607005;89.1;391.1773341;1616.485036;3022.077716;5543.760942;14659.05383;113.0284103;73.82998723;2663.59375;136.24;192.570285;99.08102683;80.20656097;73.54676588;1512101.75;1522772
143;3208.39716;23836.25678;225.6;6489.268937;4343.409109;14275.53829;2968.611732;92366.82551;106.7249417;73.82329432;5168.682746;136.24;193.9559587;97.02181654;75.11120353;73.10633404;6379708.563;6975576
144;7985.856306;58646.66553;460.7;19003.83147;16107.73041;24401.21066;52519.61765;150565.5672;108.3012224;74.5413053;5973.287671;136.24;189.0455554;98.44447944;84.82500824;71.88634961;16024711.95;15278586
145;2078.914274;16071.88547;197;2397.548444;3202.898224;10703.61529;2052.481111;54276.08216;106.1914879;73.80440846;3641.75;136.24;189.0512144;97.43766443;76.44942463;72.65144872;4099452.823;4100147
146;1986.66717;21257.47114;121.2;5078.097475;5747.075355;12849.70999;3208.324175;69604.50384;111.839569;74.80527619;31238.09524;136.24;182.533455;97.47718852;83.15992569;74.19074507;8591843.267;5430814
147;2898.825112;35040.97468;124;2614.533177;7506.361704;9691.434346;6803.7772;78852.75694;107.3476281;73.73761784;5700;136.24;184.4488336;94.49075822;82.25577992;72.57634637;6258314.641;6282495
148;1335.460645;27001.63113;100.6;4800.836759;3870.885468;15644.54545;2061.505114;88346.63336;108.3993007;74.51249852;3153.846154;136.24;193.8578717;97.96186234;70.2612858;72.82692905;5411035.349;6578858
149;4731.266246;17546.13432;256.5;1924.471521;5654.021243;8318.756288;17939.88781;50680.13185;106.2823299;73.74991988;4365.41502;136.24;190.1856625;84.6167528;80.16532854;72.65144872;4958014.873;5120142
150;2777.209107;45866.54435;207.2;4658.719906;6610.755497;17312.98338;5511.488651;113524.0837;105.1814929;74.5857367;3398.876404;136.24;191.7462523;93.44501868;83.08263501;73.25178704;7937451.837;8773751
153;3209.805516;28731.24133;204.8;9853.596594;10693.19091;21110.73271;25857.01477;133672.7769;107.2572772;74.16024863;2517.037037;136.24;190.1024346;96.59752463;63.70066361;72.67071296;8404980.333;11361205
154;3661.603682;16762.90743;216.4;2156.848209;4274.356064;7957.295261;22339.62996;44578.90398;108.2348158;73.74848339;4597.806955;136.24;189.9619252;98.6494997;73.08540933;73.1511928;4518314.529;4893701
156;2016.573989;22909.86283;113.8;3949.77246;4174.616703;14288.80378;11969.45713;67366.24402;106.6065521;73.96438871;4268.918495;136.24;189.3647917;80.95859616;76.57857749;72.87863635;4880740.842;5826164
157;325.0995756;9868.520741;58.8;224.6550206;912.2319096;2554.203085;2857.985873;19328.00558;110.8460383;72.96280961;2000;136.24;185.9005872;94.4677335;78.38387239;72.56594551;1315152.224;1626575
159;3804.193078;15227.25546;279;4346.043746;6354.629243;23878.99169;2047.929179;104137.6894;109.8374849;74.38779781;3950.37594;136.24;184.7897961;93.13660621;81.13073522;72.65144872;6643103.775;7731904
161;2684.711222;71988.11259;260;12579.77099;8518.958636;23603.15801;11037.96599;170863.6749;106.6852173;73.5762032;2583;136.24;193.674791;94.96503692;77.39052652;72.67420654;11859861.31;13271616
162;2024.084087;36868.31644;153.5;3774.126541;5172.609115;11533.6825;7597.112198;85963.55729;106.5993263;76.61790048;4843.75;136.24;195.0310267;111.6980831;84.64308322;73.553052;6595351.118;6965925
165;3493.875461;10635.70364;224.1;4189.790076;4472.349893;6848.630637;19571.42139;32745.14326;107.6563845;73.88161863;3763.947368;136.24;189.5729774;101.1533046;73.43355248;73.17753906;4116836.911;3833408
166;7437.06082;79054.93581;501.9;17241.19201;17024.27744;37221.24053;17948.6213;253442.1222;106.6401122;74.45303623;2729.749632;136.24;188.0979551;97.32840648;68.54376053;72.43705915;17222886.14;19588868
167;1858.043901;29493.04322;132.7;4013.101879;4341.688757;11824.03534;655.2750859;71781.98109;104.2042117;73.77380436;7208.730964;136.24;191.3716903;93.15585005;85.31989268;72.77645338;5805127.978;5279946
170;3337.556884;14455.17119;207.2;4242.608632;6707.804386;6967.236577;23300.60273;42175.99892;103.7651228;74.83986083;8437.419355;136.24;194.7464237;94.66312809;73.63800927;73.24431144;5720252.614;4804962
171;829.3753684;23582.64065;68.1;2900.623899;3156.215549;7380.326187;4035.091768;69817.67103;107.0058304;72.9951758;8666.666667;136.24;192.0113389;89.95992942;54.97421441;72.45880485;4065510.796;5280731
172;3281.415795;37790.36134;172.4;5766.169994;4711.632708;14506.95524;14234.21157;90961.09486;107.9616306;74.12167814;4111.772414;136.24;190.2588472;101.4511223;83.23137491;73.91026911;7017981.261;7907692
173;1398.290135;18994.71087;71;140.3772754;2532.741686;5896.386346;9314.349034;39627.42998;110.1116257;73.1987978;13474.04255;136.24;185.9084898;96.42383738;74.99117732;73.04672551;3559550.401;3593148
174;3162.949072;38601.45212;171.3;5181.55461;4934.161932;10489.44062;18740.9329;61313.24397;105.9634513;73.57060017;4043.600563;136.24;191.0654063;95.46698936;77.74436885;72.65144872;6517835.747;5911498
180;1314.722466;30329.21935;159.9;6711.369642;6534.324218;15770.6664;419.778144;112272.5434;107.6303202;73.96108599;1142.857143;136.24;191.1300113;91.70479888;83.61559673;73.74964308;6176937.11;8315160
182;1931.137047;45112.58255;103.4;932.0610687;2471.992694;10253.68497;15264.72229;51516.08309;107.8152378;73.61664556;10013.89685;136.24;195.8752522;89.96132641;76.24233036;72.9217319;6098301.227;4920460
184;8992.292215;87802.43799;404.3;8056.892249;8696.939744;20562.75969;38778.79594;119978.0578;108.0136162;73.65863805;6996.056782;136.24;191.995487;98.10361411;78.59661256;72.67071296;15051928.98;11766773
187;3538.684508;49673.50365;303.1;12210.78244;10487.49143;26877.94408;1372.945333;176945.0383;108.0782983;74.03119833;6334.736842;136.24;188.6630772;92.46721232;79.02426803;73.02113764;12107430.7;13029224
188;3524.546708;23796.06596;286.9;2972.585144;5928.666408;12662.87776;9609.644813;77781.42243;107.0659666;73.93276701;2016.293279;136.24;188.2825713;87.62684802;74.82878025;72.87863635;5346000.162;6387682
189;1760.058998;10526.58553;165;4189.437757;2779.644146;6695.856968;2930.458435;45742.72256;107.9037693;73.7447103;2608.346709;136.24;189.15027;99.17729785;70.52923786;72.80532976;3157190.649;3536997
190;1526.571579;15920.53937;113;5.21873165;1983.000666;4153.897162;9265.970729;22752.96835;107.6169649;73.83675722;3986.30137;136.24;190.5287339;96.5383498;75.42609624;72.9948275;2569798.038;2359745
191;1006.013105;25281.8269;112.7;3300.858779;4292.714954;8544.056892;6327.987024;58365.93361;111.8852224;73.93445131;2000;136.24;185.9352769;95.4795498;76.41814026;75.67301209;4270814.849;4900299
192;1551.325535;17795.4824;151.9;2405.820611;3384.60819;8984.92377;5401.915186;49367.69922;111.4640326;73.5533306;3186.015831;136.24;194.7366654;93.51856604;67.92553888;74.36133459;3792923.304;4037976
193;1815.049864;22883.29917;127.3;3850.16148;3433.326938;8440.925338;6727.481796;53026.67864;107.9838102;73.73001539;843.3048433;136.24;192.2989776;95.24054856;74.77448698;72.26551046;3979224.326;4335044
194;4492.30514;21432.35609;168;3498.832942;7326.289543;13881.35899;6505.571169;100363.192;110.2903709;74.57145605;24837.86842;136.24;189.1263337;100.4550896;89.09471358;72.71211538;9523190.337;7877232
195;2912.172353;41911.37878;224.4;3086.076042;5471.265557;16508.70057;4909.231997;115374.5863;107.1581494;73.78965068;5250.718954;136.24;190.2115412;98.44686974;79.78050339;72.75531177;7669325.082;8785775
196;549.9174162;6443.837992;58;186.8173811;1358.724969;3315.641223;525.5724369;26991.89313;108.4399189;74.21834636;3200;136.24;187.5601201;99.83783064;68.74599478;74.96102589;1334805.045;2059471
197;6937.566963;52019.6975;362.2;7013.762478;9289.327907;17656.29602;23686.50399;126632.0768;107.1637945;73.32507075;5602.722372;136.24;190.3680611;97.6675178;76.61535872;71.81065988;11035502.99;10908283
199;607.3709338;8784.756045;62;116.6103934;1221.217575;3151.056779;970.3147418;22398.13978;109.3104663;73.87740726;3277.6;136.24;189.2056485;95.71374242;80.4811023;72.4649018;1467145.9;1701171
200;4132.036733;67003.67882;285.2;6196.997945;6686.403254;16343.02648;15322.32007;110449.4348;104.7902107;74.01457781;3504.110599;136.24;197.6604675;90.42254044;75.94959474;73.05080386;10035312.91;9232144
201;1527.290694;11847.55006;132.1;2124.80182;2874.59062;7180.644062;1710.492386;44482.03821;108.9157425;73.45670586;170.3333333;136.24;185.2878194;99.64116477;79.63204111;73.29963129;2596726.399;3396727
202;704.7385419;11888.33193;38.6;3265.993834;1908.513803;6406.918551;3146.294127;25722.91163;108.8517165;74.16439961;2916.666667;136.24;190.2340384;92.86019873;80.67173309;73.56282317;2473957.351;2146067
205;4071.390581;16010.08726;249.7;3927.965355;5205.909012;10887.69588;17560.26393;53032.155;106.4154842;74.22545429;2638.072626;136.24;197.0918283;98.17709314;68.95010262;72.62542885;4910452.192;5062265
206;4391.75232;44306.01526;349.9;11929.66089;6191.519695;20338.79127;12342.51138;145056.8676;102.4078699;75.37396401;3937.435065;136.24;193.1191397;97.02365314;82.24209554;71.91514731;9961320.315;11446860
208;3835.619834;30162.60731;157.4;2689.342337;5494.650473;12174.05115;4210.395615;91344.75546;103.781401;73.4560503;3767.123288;136.24;187.284609;86.25979683;88.73845457;72.80608467;5652227.85;7024078
209;1240.537786;27264.75047;103.1;6075.469759;4611.931681;14454.44801;1265.95695;88638.76279;108.6133784;72.99934773;4545.454545;136.24;184.9057631;96.00613373;72.51668393;73.70425527;5661894.78;6624857
211;3004.841228;33643.89707;184.5;6651.387258;8411.668892;14241.49908;3897.973776;94681.68337;103.5851735;73.95222363;3823.389831;136.24;191.3016253;98.82995982;72.60233554;71.69071945;7427551.136;7070800
212;2614.10321;33410.43471;182.4;4531.25367;4989.739043;11347.20586;3372.757851;79155.82062;105.2930883;73.35211353;2181.935484;136.24;185.1371647;90.43934412;72.42055635;73.49427944;5691316.027;6061757
214;1996.398733;14718.60059;142.8;802.6130358;2999.230992;7338.334104;2618.163575;42165.89014;108.0355324;73.24113413;4951.115789;136.24;192.3595442;97.56800138;81.24740639;73.54816866;3402973.633;3313943
216;277.100448;8575.191063;88;340.4286553;2077.463375;2803.108653;4443.040543;17861.08314;116.4018327;73.05539846;1288;136.24;186.7393174;79.27374125;76.71345707;72.86075484;1428600.003;1642213
221;2511.988223;17421.50945;178.1;1872.174105;3273.220592;7873.003178;15736.47749;33673.61615;109.7807695;73.72782502;2498.611882;136.24;188.8413029;99.4371598;75.21981972;72.77584887;3661274.093;3634321
222;1232.490767;21816.80663;79.6;4084.431885;6180.503382;8213.746567;11524.14493;55717.37937;103.784956;74.90330861;5457.142857;136.24;193.0553858;99.67810556;66.92531245;73.14622558;4764826.734;4846773
225;1964.572808;47808.68662;114.9;5525.27892;3687.658088;14560.62761;2544.897608;99816.97454;106.3890323;73.51904535;5272.727273;136.24;191.9181554;95.54757525;84.52677992;72.83131986;7181419.564;7484914
226;4387.159638;24426.70112;137;1972.306224;4203.633314;7995.43649;13637.98873;45037.52349;108.4291522;73.57067954;7929.540918;136.24;194.6170034;93.4514245;81.19254399;72.72924323;5193122.554;4382848
227;642.1205917;4572.611002;58.5;2407.273928;1590.187348;5002.562657;709.0959692;23893.71926;105.663953;75.65830547;3843.283582;136.24;195.7420719;103.3271754;86.11528292;72.82620932;1794771.325;1801153
228;1584.586097;6225.860532;99.1;344.4289489;1822.37017;2903.918024;2833.134577;17944.01696;108.1064641;74.21785272;3532.627866;136.24;185.8707446;91.61050286;70.29210741;73.24513806;1635137.112;1513459
231;2386.918152;33106.33556;208.8;1769.216089;4662.996557;10389.17567;14579.41004;78326.74012;109.2174023;74.1119172;4015.705378;136.24;190.5017704;91.69049191;73.27059166;72.89384176;5634682.01;6777779
232;2396.444456;28595.75217;177.2;2094.186729;4209.107763;10517.13104;11759.65135;61759.79613;109.7442502;73.61170245;3248.945148;136.24;191.5691426;97.58920057;69.59066863;73.068214;5061696.656;5331040
233;1173.741143;20043.79667;100.5;1671.352026;2017.932862;7951.167728;2813.960842;47246.0021;109.891351;74.00633845;13063.06306;136.24;186.5461904;94.66682833;72.95055316;73.24132935;4282044.356;3665640
234;3282.923188;42998.89575;200.9;995.8675866;5950.384209;13158.59972;15437.10028;93143.61461;110.4701448;73.5026085;8236.289753;136.24;186.7165481;95.91816622;75.30740742;72.86787214;7686727.565;7949705
235;916.9091526;12865.47633;93.5;993.9004698;1880.960848;5509.399061;1015.743157;30845.79056;109.6237285;73.48511441;351.3513514;136.24;190.3906706;100.4662598;79.56538962;72.82620932;2125822.466;2327200
239;356.9670297;29170.48456;44.2;2217.828831;2893.305356;7476.466182;1942.536543;57506.42882;111.119506;74.39458181;2142.857143;136.24;186.2857774;97.97000254;65.88550443;73.14949105;3878114.334;4334551
241;1145.345114;10787.78257;102.1;181.3931298;2250.6652;5997.261851;1155.10433;39488.2835;105.8702731;74.34808724;5743.270833;136.24;180.7573731;97.2563874;77.5843339;72.82620932;2524506.303;2965400
244;4786.047372;57373.17893;294;9048.891662;8515.355839;23226.41222;8770.991122;161842.1062;106.4586203;73.92494331;2419.354839;136.24;188.7305033;89.95694904;80.67035871;72.87863635;10391420.9;12502391
245;4172.657555;26413.23046;351.8;5848.297123;7111.705453;14690.0856;10504.23539;96652.01405;107.9870548;73.83099175;2640.326975;136.24;191.7576038;95.89609735;76.48590972;72.84241378;6898792.505;7843792
246;1692.861262;14725.59808;198;2037.977099;3129.098414;6401.738284;9240.978583;31227.00676;108.9669922;73.88073438;1662.102041;136.24;190.3097534;100.0653362;76.63744631;72.89164849;3115244.246;2984393
247;2913.803523;13138.16821;168.9;1487.844979;3931.371949;6638.012523;12852.45777;35044.78867;107.1386583;74.40032616;4350.363636;136.24;189.0800204;99.10827614;75.33298437;72.88598667;3628371.285;3522488
248;2295.854804;27819.95066;138;4225.02202;5326.050343;7779.153659;5029.667158;58247.30375;106.5907999;74.17719843;5710.75;136.24;188.4406509;97.83116547;72.48809683;73.46491125;5436711.562;4643724
249;240.9037722;24225.94278;84.7;465.0689959;1688.428865;8289.088971;2854.599432;51358.28029;113.252689;73.69888619;5875;136.24;193.8982821;101.4803439;78.93051385;73.04029611;3542244.555;3976539
251;1807.933403;25099.39193;183;3335.004404;2684.556147;7508.027078;12456.86164;46598.08861;108.359633;73.91697;2750;136.24;187.5704004;100.1931322;80.21675352;72.65194992;4264585.021;4384691
252;2079.156021;27065.08934;162.2;1520.507927;4906.389423;8929.87475;8227.633235;66647.77389;106.3570977;73.38667812;2538.071066;136.24;194.6256643;89.51852325;75.54420357;71.91658055;4580477.628;5414630
254;2979.381553;25624.10744;305.5;10709.73282;9118.35707;20651.42537;17687.3664;119820.0653;107.6169649;73.83675722;3935.137139;136.24;190.5287339;96.5383498;75.42609624;72.9948275;8604874.95;10080334
255;3777.304115;36734.57819;195.5;6028.251615;5696.461112;13083.80062;10318.2221;78256.69263;107.6497914;74.12936624;3500;136.24;195.4149512;91.73342888;65.99092301;72.90686341;6948671.564;6386359
257;2092.506803;29096.79292;186.7;8609.864944;4982.380215;8327.519204;17180.21012;56515.75643;107.6397934;73.72956896;3547.076632;136.24;192.2551674;94.64907303;83.9575296;73.53637751;5951858.523;5598372
259;4713.875739;58527.80055;307;9214.107457;6093.764879;18139.00282;28100.1418;133901.2823;107.6169649;73.83675722;4063.7;136.24;190.5287339;96.5383498;75.42609624;72.9948275;10243828.61;11893585
261;970.2051735;13050.18457;89.3;1825.601879;3308.498963;8067.146731;622.6844656;43096.18504;108.3616155;73.85887875;1977.884615;136.24;184.9056132;89.41008593;77.50634979;72.00122231;2827394.408;3151240
264;2249.961947;22388.30888;253.3;3769.120669;9900.555488;14145.57836;3393.535208;90145.27919;107.8071566;74.04462789;3250.428816;136.24;187.9775218;97.10658252;67.91796338;72.8713257;6471845.277;6799488
265;3078.123464;5013.782914;123.4;2571.785085;1521.378621;3218.08373;5738.552357;13796.94143;109.931263;73.68986778;4019.605568;136.24;193.0573924;98.06892583;64.27648944;73.06126544;2163553.731;1376876
266;2820.196827;27547.35593;148.5;6959.226365;5297.133463;14280.21692;9106.210831;83568.06272;104.8125426;74.66604074;3401.360544;136.24;189.0012952;97.84292277;81.52337057;72.06787862;6204054.287;6764942
267;2146.010166;17298.38977;198.5;6347.893423;4497.228869;10862.59698;1965.625033;58339.44727;107.0106767;73.49007724;3093.019675;136.24;189.0799333;97.86281291;69.25023732;73.51826595;4893087.436;4425135
269;3204.640109;37437.38599;260.4;6984.116265;7156.545152;12480.84779;8227.071821;110544.5578;108.2857944;73.6489722;5709.65287;136.24;188.1706143;96.51748851;77.83777922;73.60031253;8093823.188;8776491
271;17181.94913;68034.6027;448;19626.37258;15698.54546;18423.99362;60572.43539;154520.2982;107.6007725;74.090989;3372.424658;136.24;191.3654585;97.66873998;84.66065409;72.93729127;15877892.84;16398394
272;2861.658536;22622.83984;288.8;7261.575161;6798.536137;15724.04189;9547.400651;87343.00357;108.0198759;73.68606294;1661.101695;136.24;187.5009846;96.06060829;77.59881743;73.42179383;6230340.417;7153747
274;1449.562552;44265.24774;203.4;9036.002642;6499.219953;19579.85603;3567.938258;143371.3224;109.7979524;75.05497359;3119.823529;136.24;194.6033463;99.0129309;79.71662608;72.34925245;8550551.989;10657232
275;3426.458348;58700.92585;300.58;9008.874046;7393.544204;21104.96238;6780.956954;141474.1098;106.3704744;73.661615;2935.274463;136.24;191.5878084;95.87791414;77.65895044;72.88906793;10238145.5;10838518
279;2216.258129;19169.03728;156.9;2872.225484;4218.030598;8042.284382;2065.348464;55659.61838;106.04947;73.73568007;2200;136.24;197.0557631;100.0222995;76.56916145;73.54816866;4020562.016;4251805
280;2732.08725;39382.1207;152;10726.86436;6884.688063;13714.64895;5954.797837;113122.2844;108.1532078;74.71999851;7684.848485;136.24;190.7912968;93.02621849;70.61784657;72.12127161;8457001.464;8579038
281;3734.669389;39234.92678;246;6496.212566;7438.054673;18422.49553;11107.70095;127191.8519;106.1344282;73.88088211;3482.795699;136.24;190.9061156;99.18216064;76.7367616;73.13043139;8284052.779;10153964
282;3109.392928;35136.69207;282.6;6028.750734;3604.81671;11918.19011;17386.21326;67273.91137;106.4629038;73.89631315;3330.250896;136.24;194.8798355;96.91360816;78.53279951;73.13262898;6547533.797;6285306
283;1511.997688;32200.2914;95.7;5148.517322;2695.049158;7491.68501;5991.949112;70963.4763;109.6727867;73.74880464;4137.665782;136.24;189.9535264;90.88426005;79.11348897;73.18336517;4830776.955;5667390
285;1952.48802;25294.11714;131;292.6820317;4065.657306;6774.181463;13619.901;45368.7324;107.2011699;73.46522473;3326.240602;136.24;187.3304332;92.13511959;77.0708245;73.06126544;3928920.882;4364394
287;1218.026504;17834.50591;94.8;1697.541104;3121.656933;7088.406989;7217.854553;41048.27408;105.7431834;73.42053696;3380.952381;136.24;187.7383789;94.23220671;75.85689016;72.89300383;3244015.33;3539656
288;1472.06043;36712.3576;95.6;5432.897827;6095.127176;12299.49633;9330.60975;98468.52832;107.0173458;73.73577119;1645.217391;136.24;202.2113707;110.9971651;77.85429028;73.09256189;6359724.028;7923745
290;1613.300827;11056.09005;166;3621.748385;4075.301524;7935.762815;7130.113719;45294.27264;109.2834002;74.07537352;2355.473118;136.24;187.8154788;94.97653399;65.3491681;72.9252024;3398842.491;3769041
291;1461.010241;32453.19487;131.7;3932.993247;4237.156487;13664.63467;6483.979366;80335.075;108.5639207;74.26316607;517.2413793;136.24;197.2662173;98.33198482;78.95583423;73.14457602;5352160.171;6388023
292;2950.332441;27889.36741;155;6065.700235;3685.175702;12665.05886;13939.44159;75511.68137;108.551157;74.05868944;2662.721893;136.24;195.2515201;98.61570466;78.05291145;72.82152775;5593334.755;6586890
293;2897.992157;34348.74553;225.6;7080.314151;6984.770927;21563.15969;1884.524168;133873.8222;106.4733731;74.47020147;2460.115894;136.24;192.8486193;97.30412809;78.99182326;72.97186886;7831329.028;9917885
294;1877.444661;35173.13179;130.7;4334.762184;4130.632077;13313.39231;7813.025591;83932.57344;107.6862633;73.40273295;3262.365591;136.24;188.0908546;95.59001271;78.65518842;72.90598572;5850499.641;6733722
295;2058.796997;56419.76132;124.6;5369.641809;3417.080335;13362.68297;8887.408915;100727.694;108.2520522;73.66665337;3523.333333;136.24;194.1013181;97.98452264;80.47272347;73.03369817;7522287.243;8071710
297;989.8648576;15076.1589;76.5;184.6080446;1511.211071;4992.188657;4276.394941;24913.19992;108.2339667;73.78756134;2027.027027;136.24;191.1896327;95.51639273;78.98779338;72.67071296;2165552.31;2148243
299;2109.955435;26063.65816;126.9;2813.835878;3100.109878;8444.094025;18358.8979;46603.45283;107.6169649;73.83675722;4664.88663;136.24;190.5287339;96.5383498;75.42609624;72.9948275;4532693.026;4786551
302;3306.771376;30910.02767;213;2769.296829;7372.651988;12503.61882;10227.97103;81763.79036;108.0770212;73.97146404;5246.002191;136.24;190.7187924;96.84266275;78.69468906;72.97228974;6755520.491;6771378
304;1913.573758;12285.08719;113.7;3107.868467;3348.655521;6664.376786;7399.388644;34791.0405;107.6169649;73.83675722;7672.580645;136.24;190.5287339;96.5383498;75.42609624;72.9948275;3690195.453;3097673
306;1412.351669;29398.55543;83.3;2566.698473;2966.944894;10132.59951;8346.700033;48835.77539;107.6169649;73.83675722;5384.615385;136.24;190.5287339;96.5383498;75.42609624;72.9948275;4664385.151;4194318
308;2997.541201;16668.80661;148.1;2184.931004;2812.044679;5991.540041;6446.428437;35550.31499;108.5923356;73.14764807;1985.635739;136.24;188.7026172;97.22528944;75.24569685;73.06126544;3249711.058;3082417
309;639.7076834;27217.20274;92.8;3039.988256;5534.799526;14909.31222;1051.98892;71685.72741;109.3421289;74.01127952;3017.312925;136.24;188.918276;93.91751559;76.10726549;72.79927523;5224371.987;5298733
310;3314.810401;18670.80332;240.9;5397.687904;7815.55788;11993.65966;6698.227178;72829.37318;108.0291047;74.56781456;3705;136.24;183.041333;94.40964243;76.9632003;72.85070252;5941139.753;5821188
312;5896.954331;68367.80468;330;10644.62713;6260.156815;19099.03614;30593.56466;136048.0976;108.3501693;73.71133275;5514.730539;136.24;190.9456126;102.8298886;72.43690053;73.13012954;12107804.32;12165318
313;48.06862937;22275.81576;4.5;7475.704639;2205.094882;11514.92004;5966.741253;59893.4219;107.6169649;73.83675722;4806.888889;136.24;190.5287339;96.5383498;75.42609624;72.9948275;4221833.315;4821958
314;1215.73879;33307.3223;100.3;847.0713447;3845.632564;7809.095596;6168.620093;59799.84284;107.6588171;73.7102484;5142.165899;136.24;192.4619497;95.09165297;82.08043167;72.87863635;4699857.989;4864454
317;1290.230819;27727.33745;110.7;3450.352319;2889.054249;9058.893222;8825.605873;60960.29737;108.1914941;73.88765702;3333.333333;136.24;195.9024483;99.11449617;79.41879686;73.13894768;4491216.438;5159491
319;3777.363505;17620.36682;109;2283.294187;5640.626128;11796.774;7431.722579;62498.47985;107.9649865;74.05685778;4353.898305;136.24;188.2296291;98.02963784;79.64358111;73.50305177;4716549.362;5185718
320;1643.790395;18005.17517;119.8;4200.24956;5097.018037;11979.7241;990.2024731;67574.90415;105.6199139;74.07264786;3000;136.24;187.5141463;95.98272676;83.72732068;72.91609307;4544559.571;5010205
322;2252.792545;34403.57444;271.6;5956.22431;5198.23972;14604.95036;2286.673984;109895.0806;107.8736702;73.73553594;2217.810945;136.24;189.1673526;94.8522495;78.97015545;72.6735988;6562266.094;8167050
324;4441.895656;79598.08446;228.8;16025.60188;12150.48473;33011.79641;18070.55536;215445.4486;106.5855744;74.03531178;2357.194983;136.24;190.5525045;95.58358055;82.89977649;73.25756056;14559856.21;17281053
328;1127.491735;12221.72689;130.2;774.2513212;2057.515366;4373.309765;8605.369136;17571.3014;107.997244;73.88219426;7314;136.24;191.9194389;98.00015069;79.06912409;72.67071296;2905963.011;1957338
329;2120.475375;27799.91009;127;25.13945978;3934.014453;6196.838539;14059.29004;40983.33261;107.2731156;73.65937493;2473.409836;136.24;189.9177436;96.38270917;80.08604963;72.67071296;3937149.284;4104241
330;4352.009001;83092.02938;390;16778.46447;12225.25103;24030.27089;30978.17753;246675.0812;107.6169649;73.83675722;4544.120513;136.24;190.5287339;96.5383498;75.42609624;72.9948275;15310805.3;20342568
331;2327.226011;51171.77599;180.5;5616.236054;5014.853246;16854.48552;15631.96372;105537.5191;107.6169649;73.83675722;23020;136.24;190.5287339;96.5383498;75.42609624;72.9948275;11531650.86;8882751
332;1156.611321;14052.12037;98.65;2987.58074;2364.390966;7694.481864;2477.53774;42343.08246;107.6169649;73.83675722;2503.441397;136.24;190.5287339;96.5383498;75.42609624;72.9948275;3009323.493;3277697
333;1938.329374;12527.52386;169.6;5821.601585;3525.09035;10085.21162;2724.17561;56711.83906;106.2750236;73.65916925;3210.126582;136.24;186.6218025;96.04852385;77.71782378;73.07735155;4092863.872;4356068
335;1640.06046;20937.82951;356.5;4593.48209;3996.521818;15455.50134;13579.02839;84564.53432;108.8081838;74.28286677;2911.546841;136.24;191.0682192;94.79940714;76.9674361;72.67071296;5626337.12;7190508
339;678.9480347;12112.91356;80.3;96.21256606;1472.735902;2951.127879;4220.837814;20377.93343;107.909584;73.88387569;3208.538462;136.24;188.260929;95.33349907;78.40102241;72.87863635;1797567.614;1816034
341;740.8172402;12915.67294;47.6;692.8361715;2149.082004;5271.042201;4681.737645;39103.92761;107.4988481;73.79708393;2738.738739;136.24;188.2328953;96.11152648;81.8584955;73.17341696;2168667.804;3244608
344;1703.837502;26043.1569;135.6;4171.036406;4233.994496;12147.28801;8253.240389;77137.63981;108.1670053;73.95969726;2390.296296;136.24;192.9604037;96.23595855;72.65061621;72.87863635;4988828.371;6221289
345;2313.458083;42021.06441;134.7;4835.855843;5092.380835;11586.33825;12965.35246;95858.18462;108.6654657;74.14400477;7673.669528;136.24;191.8764228;93.83171018;70.70644651;73.30483075;7123757.037;7943602
346;1170.453989;25895.02791;125.4;3749.69906;3205.833902;9182.447963;1062.138505;57875.99927;107.383119;73.65722898;2486.207951;136.24;188.0153186;95.58124867;85.92570511;72.97244201;4336088.202;4314618
349;1939.201931;18126.99049;139.5;3938.101879;3473.179866;7529.211217;11164.31502;51768.99643;107.3405491;73.70903629;3090.38961;136.24;188.5555358;97.07618076;66.35310796;72.90145184;3897708.71;4514822
350;3957.760116;49136.26724;262;6256.02613;9558.792988;19412.64588;6856.091632;115650.0191;109.8704791;73.72057756;8409.391304;136.24;188.5944348;94.68844088;77.97999628;72.92709562;10753664.85;8968658
351;5927.376994;54797.93631;442.1;10463.30006;15510.30585;25282.07772;27163.37114;155912.9564;107.2393405;74.02629138;3196.995708;136.24;190.242597;100.8505276;73.14994113;72.92034777;13031479.54;13356226
353;2257.367137;47021.4312;186.4;12445.55931;7685.691203;25211.3701;3496.362839;165599.8571;107.6169649;73.83675722;4433.703148;136.24;190.5287339;96.5383498;75.42609624;72.9948275;10135075.35;12351650
355;1009.771575;24073.26336;114;1014.195537;2360.525653;6402.151825;8245.196766;41489.04242;107.8986602;73.68676914;2699.25;136.24;191.2635578;94.48156152;79.52387537;72.67101924;3385090.336;3670741
356;987.4558355;12778.09367;91.5;42.75543159;1837.544228;3797.19985;4110.686028;28543.00875;107.6169649;73.83675722;3516.358382;136.24;190.5287339;96.5383498;75.42609624;72.9948275;2094012.175;2393545
357;588.8207655;9741.120251;68.9;2534.468585;1359.519115;4348.935372;419.6294691;21603.3974;107.5284768;73.75332421;3200;136.24;192.6048401;97.64095874;79.90620885;73.12845156;2034015.181;1613354
358;1680.776252;35481.75023;169.7;6074.082501;4053.168815;12835.46262;7502.189181;81784.68231;105.2382789;73.73979534;4873.568966;136.24;190.420476;97.9727043;75.90144507;72.89312414;6477207.973;6530968
360;742.6891884;43295.07418;93;5746.513506;5108.942929;15751.58124;5415.389781;102885.1299;105.7629507;73.67237637;3500;136.24;188.5022221;94.72854344;75.74025446;73.14099719;6831776.442;7935284
362;1054.621585;20632.36054;99.5;2488.483558;3473.634689;10270.41984;6420.881071;49651.8758;106.7624649;73.74454305;5013.157895;136.24;190.1065809;96.22941683;73.00524567;72.87863635;4120635.536;4087319
363;1610.68026;24328.90661;175.5;7391.588373;5839.314985;16977.36706;10249.26665;90971.68767;106.4891675;73.65686543;2675.096277;136.24;192.2819626;96.30609485;73.19752972;73.45494154;6197839.264;7432541
366;1659.533886;22614.6172;123.5;3633.859366;4236.024386;9894.153806;9853.22106;58847.74507;107.6169649;73.83675722;3478.535565;136.24;190.5287339;96.5383498;75.42609624;72.9948275;4535309.786;5038771
367;3852.141053;43484.03206;234.7;5.97475044;3228.70362;11550.01444;15831.45818;74534.6341;106.7598497;73.98416954;6475;136.24;191.3805227;96.54465922;80.05870248;72.67071296;6881883.695;6683931
368;2753.844992;29814.42476;230;11696.96858;9359.100621;18361.149;7150.958127;120301.5366;106.879654;73.93370885;4868.459119;136.24;187.9693558;99.2010009;82.99083696;73.09324762;8792630.07;9386694
370;2955.354291;41331.06303;144;4728.948914;7437.631912;13866.02718;11385.42469;109466.4103;107.6821824;73.62636664;10411.05882;136.24;189.671703;98.39772911;75.6446091;73.28367649;8279853.367;8883347
371;675.5959875;23576.24584;41.4;31.74544921;1163.295001;4003.905198;2086.135124;34860.89254;109.3360549;73.66749618;3231.25;136.24;191.9059066;91.64954842;79.87114452;73.55052648;2538968.035;2730659
372;1638.962146;15130.67202;116.1;189.5331767;1918.881638;4184.977233;8746.711894;25483.85621;106.3868378;73.68932448;4190.966921;136.24;190.844456;97.66332849;79.26578678;72.67071296;2576652.988;2545245
373;1519.1925;11646.11183;82.1;849.2733412;2962.613817;5661.985788;5627.069567;36726.11233;106.523696;73.76805344;3342.486486;136.24;191.1344859;96.61835913;62.1655723;73.48703222;2524373.586;3048703
374;2183.943402;10476.31248;153;180.7105109;3662.964421;4614.963708;1881.40028;32719.71477;108.8998001;73.69300998;3842.19554;136.24;190.8815433;98.62872951;83.30816238;72.67071296;2776698.227;2534501
375;3897.614245;14562.98345;295.4;3180.681151;6695.310237;10337.31069;13526.90263;54053.34336;108.6105431;74.18150296;3041.464286;136.24;190.9289538;97.87812102;76.37387715;72.67071296;5125535.676;4961197
376;1179.257776;17177.97116;124.2;2160.195244;4222.347691;11043.11802;928.2023252;61053.34585;108.8947663;73.75166649;3849.238329;136.24;190.7873834;96.5102167;81.71602025;73.52805874;4039043.781;4564983
378;4128.75572;39919.33684;262.7;4506.34909;5861.520638;15955.5078;3004.689349;120975.3186;106.5236187;74.32971675;5077.666443;136.24;191.1769315;96.12045869;83.83295934;73.06503592;8009089.232;9090958
383;1020.096844;16560.84332;121;1999.192601;4282.655713;6233.031556;3058.931762;35428.97675;107.9172047;73.88663584;2000;136.24;191.7042153;96.68893733;80.42611576;72.67071296;3271749.35;2820667
384;1733.367617;23222.27366;162.1;2769.399589;2766.002438;5925.692963;13854.35525;35035.83351;107.8126753;73.67736791;2848.825137;136.24;190.3984767;97.06504719;80.44957561;72.67071296;3838752.873;3660656
386;2751.499266;40160.98637;250.6;4571.374046;4532.54863;14213.83404;7893.925706;101184.1558;107.6169649;73.83675722;3157.894737;136.24;190.5287339;96.5383498;75.42609624;72.9948275;6911398.255;7981328
387;438.7348302;47262.59703;65.2;4838.322079;3735.507071;13642.44599;3771.244401;104233.5975;109.6083481;73.67489767;4000;136.24;190.1911204;96.26767094;79.15397897;73.33103895;6473915.777;7942067
392;517.0931929;7304.762835;36.7;239.5772167;1085.653089;3042.120192;1929.040574;15510.92096;107.6169649;73.83675722;2702.702703;136.24;190.5287339;96.5383498;75.42609624;72.9948275;1227366.561;1277717
393;1488.055346;23273.09682;128.2;1655.879331;3392.352057;7645.123518;5273.148417;62771.42035;107.6169649;73.83675722;1900.337838;136.24;190.5287339;96.5383498;75.42609624;72.9948275;3732158.462;4979722
400;3635.96948;15214.26512;159.9;1889.467117;3174.297725;4474.778282;16346.25231;30079.25459;107.6169649;73.83675722;3546.666667;136.24;190.5287339;96.5383498;75.42609624;72.9948275;3375979.638;3428564
402;2305.835332;35865.10432;80.5;7583.477686;4937.076967;12407.99645;13083.2172;98097.73165;107.6169649;73.83675722;17558.48889;136.24;190.5287339;96.5383498;75.42609624;72.9948275;7481443.881;8147443
403;1439.772996;21379.43295;85;1921.249266;2141.250235;7457.172379;5357.853848;52672.86919;107.6169649;73.83675722;16012.5;136.24;190.5287339;96.5383498;75.42609624;72.9948275;4484218.312;4248969
404;3141.103266;50637.44862;211;6443.151791;5283.716758;16323.52993;18250.57995;95993.10308;107.6169649;73.83675722;5086.373626;136.24;190.5287339;96.5383498;75.42609624;72.9948275;8610527.342;8383570
405;1276.350807;25810.46449;92.3;1781.914269;2773.940355;8473.382525;5174.429268;58128.17354;107.6169649;73.83675722;3687.5;136.24;190.5287339;96.5383498;75.42609624;72.9948275;3972763.96;4633343
407;1660.704705;19186.85291;116.6;3364.973576;2706.8129;10290.54844;3433.612674;48914.1097;107.6169649;73.83675722;6242.010582;136.24;190.5287339;96.5383498;75.42609624;72.9948275;4290835.633;3829461
408;1900.676164;18398.08587;151.6;5325.594539;5410.853341;11115.35324;2777.32788;63136.32291;107.6169649;73.83675722;2207.669323;136.24;190.5287339;96.5383498;75.42609624;72.9948275;4727222.565;4818108
411;1566.546688;22073.77547;73.2;332.479448;2525.025465;4409.494668;5468.743851;31440.33733;107.6169649;73.83675722;8507.763975;136.24;190.5287339;96.5383498;75.42609624;72.9948275;3373283.567;2707468
412;1670.981895;26746.20439;98;4133.411627;2917.659788;11014.80874;5061.351694;58003.56197;107.6169649;73.83675722;8495.728643;136.24;190.5287339;96.5383498;75.42609624;72.9948275;5169645.891;4615718
413;940.0562456;10713.6341;52.1;53.23693482;593.2078567;1657.606132;4017.787147;18715.96998;107.6169649;73.83675722;3000;136.24;190.5287339;96.5383498;75.42609624;72.9948275;1328824.702;1669215
